target;IDX;source
eng-cba79f89.flac;aspirin;aspirin
eng-3c940445.flac;as|well|as well as;as well as
eng-c407307d.flac;as|bottom;as the bottom of
eng-a80cb410.flac;soon|possible|(conversation);as soon as possible
eng-84e9b16b.flac;as|soon;as soon as
eng-3359f4f1.flac;as|if;as if
eng-f433689f.flac;as;as
eng-33f51dec.flac;arrive;arrive
eng-fe38f844.flac;appointment;appointment
eng-b6f237cb.flac;apply|makeup;apply makeup
eng-111438d6.flac;apologize;apologize
eng-3ea87bfb.flac;apartment|block;apartment block
eng-fe1db7ea.flac;antibiotic;antibiotic
eng-caebdb15.flac;answering|machine;answering machine
eng-0af06d8d.flac;anesthetic;anesthetic
eng-0f5f9c3d.flac;other;and other
eng-f6e4db04.flac;hour|half;an hour and a half
eng-f715dbc3.flac;almost;almost
eng-f7bb3b7f.flac;allergic;allergic
eng-f19c0f24.flac;all|week;all week
eng-ce19c2b2.flac;all|together;all together
eng-9cadeff6.flac;all|time;all the time
eng-0f6986f7.flac;all|same;all the same
eng-b58165a7.flac;all|better;all the better
eng-2a3e75e5.flac;all|best|(conversation);all the best!
eng-43f781c0.flac;all|kinds;all kinds
eng-5f10a415.flac;all|inclusive;all inclusive
eng-298a92fe.flac;all|day;all day
eng-01ff7e7c.flac;alarm|clock;alarm clock
eng-439eb7fe.flac;airport|tax;airport tax
eng-6c260646.flac;airmail;airmail
eng-ec141ef8.flac;airline;airline
eng-f2ad3254.flac;air|conditioning;air conditioning
eng-f3d2f44b.flac;agriculture;agriculture
eng-13974d16.flac;agricultural;agricultural
eng-8434910d.flac;after-sun;after-sun
eng-8fad2935.flac;affordable;affordable
eng-9d6a6a4c.flac;aerial;aerial
eng-f4bb024a.flac;admission;admission
eng-85f9c0e6.flac;adhesive|tape;adhesive tape
eng-9b1ec047.flac;addressee;addressee
eng-19dc647c.flac;adapter;adapter
eng-a945e1a0.flac;acknowledgment|receipt;acknowledgment of receipt
eng-e89a8617.flac;accommodations;accommodations
eng-2d385412.flac;accommodation;accommodation
eng-a6df7656.flac;absolute;absolute
eng-35cfee3c.flac;ability;ability
eng-895fdf5c.flac;abbey;abbey
eng-b1f73ff9.flac;while;a while
eng-fd7b1501.flac;time;a time
eng-2560a4b5.flac;sore|stomach;a sore stomach
eng-34506210.flac;quarter|ten;a quarter to ten
eng-f9336660.flac;quarter|past|ten;a quarter past ten
eng-3b5499b8.flac;quarter|hour;a quarter of an hour
eng-71bc55a5.flac;quarter|after;a quarter after ten
eng-dc8e47ec.flac;piece|fruit;a piece of fruit
eng-a32923ac.flac;piece|advice;a piece of advice
eng-198a7c9d.flac;piece;a piece of
eng-69cd764a.flac;pair|pyjamas;a pair of pyjamas
eng-482eab43.flac;lot;a lot of
eng-5e8041d0.flac;lot|more;a lot more
eng-47755b64.flac;long|time;a long time
eng-634a332b.flac;little|bit;a little bit
eng-1effdaf6.flac;little;a little
eng-8c3a5241.flac;kick;a kick
eng-86edcd0b.flac;groaning|sound;a groaning sound
eng-1ea6aa05.flac;glass|water;a glass of water
eng-58f3ca31.flac;few;a few
eng-6a467c5b.flac;bit;a bit
eng-d79cebb5.flac;X-rays;X-rays
eng-04cd7047.flac;United States;United States
eng-c58d700d.flac;United Kingdom;United Kingdom
eng-d5b41909.flac;U-turn;U-turn
eng-ed7e13b2.flac;Tupperware;Tupperware
eng-d057bc4d.flac;T-bar;T-bar
eng-fba5cca8.flac;Spanish;Spanish
eng-858edf3c.flac;Spain;Spain
eng-74dc1336.flac;Portuguese;Portuguese
eng-2ed900f8.flac;Portugal;Portugal
eng-d736d92d.flac;OK|(conversation);OK
eng-6da97d9c.flac;New Year;New Year
eng-bcdec84b.flac;Netherlands;Netherlands
eng-1ad5ed21.flac;Mister;Mister
eng-fd614e16.flac;Kleenex;Kleenex
eng-f3e12338.flac;Japanese;Japanese
eng-d5e6597a.flac;Japan;Japan
eng-de18b6ca.flac;Italy;Italy
eng-98045053.flac;Italian;Italian
eng-d24bb6b4.flac;matter|(conversation);It doesn't matter
eng-739cc283.flac;Internet|café|Internet café;Internet café
eng-85852207.flac;Internet;Internet
eng-28164d43.flac;just|arrive|(conversation);I've just arrived
eng-35c909e0.flac;very|well|(conversation);I'm very well
eng-4d252e48.flac;use|(conversation);I'm used to it
eng-34d4f136.flac;sorry|(conversation);I'm sorry
eng-9c095028.flac;use|(conversation);I'm not used to
eng-e056c094.flac;go|home|(conversation);I'm going home
eng-b3acb9b3.flac;fine|(conversation);I'm fine
eng-c5ce6727.flac;cold|(conversation);I'm cold
eng-daa3adbb.flac;be|year|old|(conversation);I'm 24 years old
eng-d7b1c0e9.flac;be|(conversation);I'm 24
eng-8669fc5a.flac;would|like|(conversation);I'd like
eng-4913186e.flac;must|go|(conversation);I must go
eng-041a673e.flac;miss|him|(conversation);I miss him
eng-aab7c7f7.flac;mind|(conversation);I don't mind
eng-d50b8cb7.flac;care|(conversation);I don't care
eng-d9bf9673.flac;can|not|(conversation);I can't
eng-dd0216b9.flac;I;I
eng-4c510d7f.flac;Hungary;Hungary
eng-c6acc967.flac;Holland;Holland
eng-1649d5fb.flac;happy|New Year|(conversation);Happy New Year!
eng-66d8cd84.flac;happy|Easter|(conversation);Happy Easter!
eng-11618b91.flac;Greece;Greece
eng-fe45bc6a.flac;Great Britain;Great Britain
eng-9515b8b7.flac;Germany;Germany
eng-a5984597.flac;German;German
eng-0127efe1.flac;French|loaf;French loaf
eng-a8d9cb68.flac;French;French
eng-590a2082.flac;France;France
eng-bc9d8a92.flac;European Union;European Union
eng-14481fd4.flac;European;European
eng-e33e3b9c.flac;English;English
eng-c6f6248d.flac;Easter;Easter
eng-8ae459e4.flac;Earth;Earth
eng-f106a77a.flac;yourself;Do It Yourself!
eng-50bf8369.flac;Coke;Coke
eng-34251e88.flac;Chinese;Chinese
eng-eb3c8bb0.flac;CD;CD
eng-71928725.flac;chilly;chilly
eng-2c68dc1b.flac;chill;chill
eng-81b17d68.flac;cheers|(conversation);cheers!
eng-6a3ec4ac.flac;checkroom;checkroom
eng-af382d4e.flac;checkout;checkout
eng-c733d0c7.flac;check-in;check-in
eng-cfeb4394.flac;check|in;check in
eng-1d05aa7c.flac;chapel;chapel
eng-67a369fb.flac;changing|room;changing room
eng-ab0a46f9.flac;change|purse;change purse
eng-c4306420.flac;chairwoman;chairwoman
eng-1ad49af1.flac;chairperson;chairperson
eng-53f879bd.flac;chairlift;chairlift
eng-4b3c82e6.flac;central|heating;central heating
eng-a530f07e.flac;centimeter;centimeter
eng-aaa18e60.flac;cellphone;cellphone
eng-f028f82f.flac;cavity;cavity
eng-aa58df00.flac;catty;catty
eng-7eefd71c.flac;cash|point;cash point
eng-436a9a15.flac;cash|desk;cash desk
eng-06b9e5b9.flac;cash;cash
eng-b1c79f3a.flac;cardiac|arrest;cardiac arrest
eng-6282746b.flac;caravan;caravan
eng-74ef1e81.flac;car|park;car park
eng-5616c572.flac;cancel;cancel
eng-70defa5e.flac;can|opener;can opener
eng-43b61697.flac;camping|stove;camping stove
eng-81a904e4.flac;camping;camping
eng-21cdd175.flac;call|back;call back
eng-cc8e2f3e.flac;call;call
eng-98ad42b5.flac;café;café
eng-bfa83cf7.flac;bye|(conversation);bye!
eng-9a0f6844.flac;by|way;by the way
eng-42e94b7e.flac;by|special;by special
eng-7dc7942c.flac;by|chance;by chance
eng-28721dfd.flac;by|car;by car
eng-3a06ac3d.flac;button;button
eng-076dbed4.flac;butcher;butcher's
eng-7a009af6.flac;butcher|shop;butcher shop
eng-69de4134.flac;business|class;business class
eng-3d0dedc0.flac;business|card;business card
eng-1bd172a3.flac;busily;busily
eng-9dd91ee2.flac;bus|stop;bus stop
eng-41526a40.flac;bus|station;bus station
eng-6ee63a9c.flac;bus|route;bus route
eng-1ff97d3b.flac;bunk|beds;bunk beds
eng-62072ef9.flac;bump;bump
eng-e73f36a6.flac;bucket;bucket
eng-f1a7d2c3.flac;brush;brush
eng-75481bd2.flac;bronchitis;bronchitis
eng-526a8660.flac;breakdown|service;breakdown service
eng-b3969da7.flac;breakdown;breakdown
eng-6cccf0e3.flac;break|into;break into
eng-c34e215c.flac;break|down;break down
eng-93ae8ce6.flac;bra;bra
eng-3ca97c0c.flac;boxer|shorts;boxer shorts
eng-8fe50827.flac;bottle|opener;bottle opener
eng-bbef6364.flac;bookstore;bookstore
eng-107c2cce.flac;bookshop;bookshop
eng-2e3403ff.flac;book|tickets;book of tickets
eng-9f987f7a.flac;bonus;bonus
eng-114209da.flac;boarding;boarding
eng-c4bea6c0.flac;blow|wind;blow of the wind
eng-1b4a1ef9.flac;blossom;blossom
eng-d1db99c6.flac;blood|pressure;blood pressure
eng-a60af4fe.flac;blond;blond
eng-e6a218a3.flac;blister;blister
eng-ceae046f.flac;bless|you|(conversation);bless you!
eng-4869a8e3.flac;bleed;bleed
eng-0c4c4bd5.flac;blackout;blackout
eng-59833609.flac;black|white;black and white
eng-8985ba28.flac;black;black
eng-aa275aed.flac;bin;bin
eng-146781dc.flac;billfold;billfold
eng-500a89e3.flac;big|bike;big bike
eng-1bc4f5d3.flac;bid|bite;bid bite
eng-c02c086d.flac;bicycle|pump;bicycle pump
eng-fb7407f4.flac;better|than;better than
eng-16b50a0c.flac;best|wishes;best wishes
eng-44e175b2.flac;below;below
eng-9080d8db.flac;beginner;beginner
eng-9112b0fc.flac;before|doing;before doing
eng-422cb2d0.flac;beef;beef
eng-66116e3f.flac;bedside|table;bedside table
eng-b41afd1e.flac;become|angry;become angry
eng-c4556c60.flac;because;because of
eng-e3e3a248.flac;beach|umbrella;beach umbrella
eng-ac595b3e.flac;be|bored;be bored
eng-4fcee820.flac;be|able;be able to
eng-bd2a7d39.flac;battle|cry;battle cry
eng-d02ef4ae.flac;battery;battery
eng-8848dc1c.flac;bath|towel;bath towel
eng-90797553.flac;basic;basic
eng-581b0cec.flac;bashful;bashful
eng-2d0f6db5.flac;basement;basement
eng-56ccdd35.flac;barbecue;barbecue
eng-ed6a19f7.flac;bankrupt;bankrupt
eng-e8c83280.flac;banknote;banknote
eng-26d2bd36.flac;bank|account;bank account
eng-8eda3e95.flac;bandage;bandage
eng-e44b31fd.flac;baker;baker's
eng-0c9546d6.flac;baggage|reclaim;baggage reclaim
eng-917ff30a.flac;baggage;baggage
eng-0c358569.flac;backpack;backpack
eng-9e0e0904.flac;babysitter;babysitter
eng-c651c028.flac;baby|bottle;baby's bottle
eng-8f66d626.flac;autumn;autumn
eng-41be8170.flac;auditorium;auditorium
eng-656e1f63.flac;at|top;at the top
eng-e272d731.flac;at|seaside;at the seaside
eng-e83d21be.flac;at|same|time;at the same time
eng-b620c819.flac;at|moment;at the moment
eng-c22a8719.flac;at|last|minute;at the last minute
eng-0986cedf.flac;at|end|street;at the end of the street
eng-86e8236c.flac;at|end;at the end of
eng-0af3321f.flac;at|bottom;at the bottom
eng-5eedb63f.flac;at|beginning;at the beginning of
eng-193a857f.flac;at|beginning;at the beginning
eng-52911073.flac;at|back;at the back of
eng-7f5b5528.flac;at|reception;at reception
eng-ed4f5cc9.flac;at|random;at random
eng-b3db5430.flac;at|once;at once
eng-2cbd2d38.flac;at|least;at least
eng-8a408e40.flac;at|last;at last
eng-b14d2b30.flac;at|home;at home
eng-1ef61d10.flac;at|full|speed;at full speed
eng-32bb9708.flac;at|first;at first
eng-84670e34.flac;asthma;asthma
eng-f2c7aac7.flac;earrings;earrings
eng-433af6f4.flac;early|morning;early morning
eng-d2d58742.flac;each|one;each one
eng-f4c118b5.flac;e-mail|address;e-mail address
eng-5f1d11a8.flac;dynasty;dynasty
eng-73414a0e.flac;duty|drugstore;duty drugstore
eng-b63305d1.flac;dustbin;dustbin
eng-dec3db54.flac;during|week;during the week
eng-55b7d16f.flac;dry|cleaner;dry cleaner's
eng-18821ac5.flac;drunk;drunk
eng-9b273def.flac;drugstore;drugstore
eng-26a0d10f.flac;drought|beer;drought beer
eng-5428225f.flac;drought;drought
eng-ce1e9bea.flac;drops;drops
eng-b946990f.flac;driving|license;driving license
eng-d6e96cfa.flac;driver|license;driver's license
eng-4131b5f6.flac;drink|drinking|water;drinking water
eng-f7984dff.flac;drinkable;drinkable
eng-138f6ed7.flac;dress|dressing|gown;dressing gown
eng-ba1bf9d3.flac;dressing;dressing
eng-11faa1c9.flac;downtown;downtown
eng-9b4cd77e.flac;doubt;doubt
eng-e0323e63.flac;double-time;double-time
eng-9bf6ed00.flac;dos;dos
eng-26f4d791.flac;dormitory;dormitory
eng-c5e26f27.flac;doorway;doorway
eng-42c92657.flac;door|code;door code
eng-764a4d51.flac;suit|(conversation);does that suit you?
eng-b286de8d.flac;do|speak|English|(conversation);do you speak English?
eng-977f44ee.flac;diving;diving
eng-7bcef575.flac;disturb;disturb
eng-c5cd1cc5.flac;distant|from;distant from
eng-7e78a41f.flac;disposable;disposable
eng-b5b20ecb.flac;disinfect;disinfect
eng-7a7a16ee.flac;dishwasher;dishwasher
eng-584dd35d.flac;dishes;dishes
eng-344b075a.flac;dish|towel;dish towel
eng-7384cd6e.flac;dish|day;dish of the day
eng-c9e66c40.flac;disgusting;disgusting
eng-b3cd2ad3.flac;discount|fare;discount fare
eng-29d40cbd.flac;disco;disco
eng-da9201ce.flac;disappointed;disappointed
eng-a9e13231.flac;disadvantage;disadvantage
eng-84fe6ee3.flac;disabled;disabled
eng-467844da.flac;directory;directory
eng-1e90d3f0.flac;director;director
eng-ec218957.flac;diploma;diploma
eng-a11f3393.flac;dining|room;dining room
eng-c80fca37.flac;dining|hall;dining hall
eng-d1979f6f.flac;different|from;different from
eng-b0449a7a.flac;diesel;diesel
eng-c83f5b7e.flac;dictate;dictate
eng-a10ee254.flac;dice;dice
eng-4561d862.flac;dialog;dialog
eng-69265711.flac;dialing|code;dialing code
eng-8171f815.flac;diabetes;diabetes
eng-e7f75eed.flac;depend;depend
eng-1e80587f.flac;department|store;department store
eng-cd1de18a.flac;department;department
eng-ae41c109.flac;deodorant;deodorant
eng-3781ec10.flac;delivery;delivery
eng-6c2179cf.flac;deliciousness;deliciousness
eng-263a4bd4.flac;deli;deli
eng-6c814a37.flac;delayed;delayed
eng-c7b0817b.flac;debit|card;debit card
eng-1ee7338d.flac;daughter-in-law;daughter-in-law
eng-959f0137.flac;date|birth;date of birth
eng-9cb06014.flac;dark|blue;dark blue
eng-5c437a89.flac;damp;damp
eng-dcc8afeb.flac;damaged;damaged
eng-24c0c6bc.flac;cycle|path;cycle path
eng-7bb3c0e7.flac;cutlery;cutlery
eng-7c2601d1.flac;customs;customs
eng-ab958c87.flac;currently;currently to be at
eng-10405626.flac;cupboard;cupboard
eng-b79d50e4.flac;cup;cup
eng-c5049596.flac;cultural;cultural
eng-9e9d701b.flac;cruise;cruise
eng-3f2d4050.flac;crossroads;crossroads
eng-82bcbfc1.flac;crocodile;crocodile
eng-2ea9f36d.flac;criticism;criticism
eng-6a5450f0.flac;credit|card;credit card
eng-648978b6.flac;covering;covering
eng-8d0886c5.flac;cover;cover
eng-55c234de.flac;countryside;countryside
eng-c1229478.flac;counter;counter
eng-af2a5b7f.flac;count;count on
eng-9acb209a.flac;cotton|wool;cotton wool
eng-46eb1e03.flac;cotton|bud;cotton bud
eng-db0af0bb.flac;cotton;cotton
eng-ed3d51f7.flac;cool;cool
eng-14795cd3.flac;cooking|ring;cooking rings
eng-467be66a.flac;cooking;cooking
eng-f214d8b1.flac;cooked|rice;cooked rice
eng-25cc745c.flac;contraceptive;contraceptive
eng-3b332721.flac;continuously;continuously
eng-e76658c4.flac;comparatively;comparatively
eng-1f01330f.flac;companionship;companionship
eng-03d1e589.flac;common|cold;common cold
eng-b447203d.flac;comic|strip;comic strip
eng-4599bb31.flac;come|out;come out
eng-95b25a15.flac;come|in;come in
eng-b53f993b.flac;come|back;come back
eng-edeea54f.flac;color|color;color color
eng-0854e471.flac;collect|call;collect call
eng-a40662f4.flac;collect;collect
eng-bb67f671.flac;coil;coil
eng-538529b3.flac;coffee;coffee
eng-77153098.flac;code;code
eng-5ef72c94.flac;coat|hanger;coat hanger
eng-3f596dcc.flac;coach;coach
eng-268aadd1.flac;clue;clue
eng-19d80712.flac;closing|time;closing time
eng-5542ebb4.flac;closing;closing
eng-19705d80.flac;closet;closet
eng-07cc3413.flac;cloakroom;cloakroom
eng-1fede491.flac;clique;clique
eng-c788ce3b.flac;climbing;climbing
eng-e0351854.flac;clerk;clerk
eng-497d309d.flac;classroom;classroom
eng-2efb047f.flac;classical;classical
eng-b3ef21ad.flac;classic;classic
eng-ea881ea6.flac;class|over;class is over
eng-f63d758e.flac;city|wall;city walls
eng-8343e249.flac;city|hall;city hall
eng-2d5b0234.flac;city;city
eng-24a378bf.flac;cigarette|paper;cigarette paper
eng-502681d8.flac;chin;chin
eng-619e2c60.flac;get|on;get on
eng-f3d95e9c.flac;get|off;get off
eng-27308c22.flac;genuinely;genuinely
eng-4f82759c.flac;general|delivery;general delivery
eng-ce29364a.flac;general;general
eng-ee57b626.flac;gel;gel
eng-d4986236.flac;gauze;gauze
eng-42a816da.flac;gastric|flu;gastric flu
eng-1e40e790.flac;gas|station;gas station
eng-d7ec32ab.flac;gas|cylinder;gas cylinder
eng-07337ed7.flac;gas;gas
eng-e01e7ae3.flac;garlic;garlic
eng-a2e24204.flac;garden|pea;garden pea
eng-3c0918ea.flac;garden;garden
eng-357b5dfc.flac;garbage|can;garbage can
eng-4d658f6f.flac;garbage|bag;garbage bag
eng-472b783a.flac;gallery;gallery
eng-54f9629a.flac;fuse;fuse
eng-665ddab3.flac;furniture;furniture
eng-558b3ac9.flac;funfair;funfair
eng-7b1cc3fd.flac;fundamental;fundamental
eng-4553d94c.flac;full|price;full price
eng-7d2e1dc1.flac;full;full of
eng-a8a832ab.flac;full|fare;full fare
eng-d7cdd0d2.flac;full|board;full board
eng-77d4603f.flac;frying|pan;frying pan
eng-40ddaf98.flac;frozen|food;frozen food
eng-df98eda9.flac;front|wheel;front wheel
eng-72cdaf99.flac;from|time;from time to time
eng-87e6522c.flac;fries;fries
eng-37a41285.flac;friendly|relation;friendly relations
eng-1ae49351.flac;fried|egg;fried egg
eng-f2e94d89.flac;fridge;fridge
eng-912d9713.flac;freezer;freezer
eng-c4defaf9.flac;fragrant;fragrant
eng-83dd75e6.flac;fracture;fracture
eng-58f8399c.flac;fowl;fowl
eng-1f2ce82d.flac;star|petrol;four-star petrol
eng-b13622c5.flac;fountain|pen;fountain pen
eng-06fa1928.flac;forward|gear;forward gear
eng-feaab7ff.flac;fortunate;fortunate
eng-a85d53b4.flac;forest;forest
eng-b832fa73.flac;foreign|language;foreign language
eng-bc6de232.flac;foreign|country;foreign country
eng-2348f4ed.flac;forbidden;forbidden
eng-092b9a93.flac;for|moment;for the moment
eng-4d7cd68e.flac;for|sale;for sale
eng-27a97f8e.flac;for|example;for example
eng-5b8df342.flac;for|hour;for an hour
eng-bc74826a.flac;food|poisoning;food poisoning
eng-d43829f7.flac;food;food
eng-08ef76b6.flac;fondness;fondness
eng-eca209cd.flac;folder;folder
eng-55475e04.flac;fly|away;fly away
eng-b4e154af.flac;flush;flush
eng-9afee455.flac;flip;flip
eng-bc253454.flac;flavor;flavor
eng-36c70eb9.flac;flask;flask
eng-0d7a22bf.flac;flashlight;flashlight
eng-37a12d65.flac;flasher;flasher
eng-3311781b.flac;fizzy;fizzy
eng-56080248.flac;fitting|room;fitting room
eng-0a5edfe0.flac;fishmonger;fishmonger's
eng-731cac2b.flac;fish|shop;fish shop
eng-c0ad93ea.flac;first|all;first of all
eng-d253b62c.flac;first|name;first name
eng-65726f30.flac;first|floor;first floor
eng-367ca081.flac;first|class;first class
eng-15ddfda5.flac;fireworks;fireworks
eng-95e8fefb.flac;fire;fire!
eng-57ce3663.flac;fire|department;fire department
eng-9751e5c1.flac;fire|brigade;fire brigade
eng-d55ddb71.flac;find|out;find out
eng-f1af9199.flac;final|part;final part
eng-186d68b9.flac;filling;filling
eng-4dc390ab.flac;fill|up;fill up
eng-a8e531bb.flac;fill|out;fill out
eng-51bbf095.flac;fill|in;fill in
eng-e7ca5811.flac;feverish;feverish
eng-82e96343.flac;fetch;fetch
eng-9cbaa49a.flac;feel|anxiously;feel anxiously
eng-b0f96fe2.flac;fed|up;fed up
eng-68c58ed9.flac;favorite;favorite
eng-92af1c09.flac;faucet;faucet
eng-046272df.flac;fast-food|restaurant;fast-food restaurant
eng-256649c4.flac;fast;fast
eng-4112cca6.flac;far|from;far from
eng-65f77839.flac;fan;fan
eng-3dcb4090.flac;family|practitioner;family practitioner
eng-51d6ab3c.flac;family|name;family name
eng-6c4911ad.flac;falsification;falsification
eng-fb361ef9.flac;factory;factory
eng-6fa45b95.flac;fact;fact
eng-d3851897.flac;facecloth;facecloth
eng-727887b1.flac;eye;eye
eng-4d3f0d65.flac;extra;extra
eng-8d5c6cd6.flac;expiry|date;expiry date
eng-b8353389.flac;exhibition;exhibition
eng-bdac1eff.flac;exhausted;exhausted
eng-edbe5c9b.flac;excuse|(conversation);excuse me?
eng-09b5cb99.flac;excuse|(conversation);excuse me
eng-8599fa8e.flac;exchange|student;exchange student
eng-92d068b5.flac;exchange|rate;exchange rate
eng-8ac8cfd1.flac;excess;excess
eng-a368a16e.flac;exceptional;exceptional
eng-38bba6c6.flac;exam;exam
eng-0c615710.flac;evidence;evidence
eng-a56ca675.flac;everyday;everyday
eng-eb6369cc.flac;every|kind;every kind of
eng-4bb75ad8.flac;every|day;every day
eng-7c1c6890.flac;evening;evening
eng-bf82152b.flac;euro;euro
eng-2bc982aa.flac;espresso;espresso
eng-0162e3bd.flac;erect;erect
eng-3424ffe3.flac;epileptic;epileptic
eng-29f01cc8.flac;enthusiastic;enthusiastic
eng-f8fbb2f1.flac;enjoy|meal|(conversation);enjoy your meal!
eng-aef75a24.flac;enjoy|oneself;enjoy oneself
eng-84f4c585.flac;emergency|exit;emergency exit
eng-26dd111d.flac;emergency;emergency
eng-1398eb33.flac;elevator;elevator
eng-c09fa444.flac;electric|shaver;electric shaver
eng-cad29d82.flac;electric|light;electric light
eng-660a3e86.flac;eight;eight
eng-219cec4b.flac;egg|yolk;egg yolk
eng-d2674259.flac;economy|class;economy class
eng-db190c47.flac;economic;economic
eng-811c9311.flac;easy|to;easy to
eng-f0b2484d.flac;in|middle;in the middle of
eng-e19cdf18.flac;in|evening;in the evenings
eng-9d2d701e.flac;in|evening;in the evening
eng-12edba02.flac;in|east;in the east
eng-f2aa6140.flac;in|area;in the area
eng-f5a73348.flac;in|century;in the 20th century
eng-f974df3d.flac;in|century;in the 19th century
eng-dc242376.flac;in|ruins;in ruins
eng-76ec51b4.flac;in|opinion;in my opinion
eng-4ee9dfc2.flac;in|memory;in memory of
eng-25b67182.flac;in|front;in front of
eng-3e9d13ef.flac;in|fact;in fact
eng-162a9de0.flac;in|case;in case of
eng-2c0bb781.flac;in|hour;in an hour
eng-297b5b0d.flac;in|emergency;in an emergency
eng-d942bb21.flac;in|advance;in advance
eng-050ec28f.flac;in|French;in French
eng-f4dd2965.flac;in|France;in France
eng-ddfd9b4e.flac;in|English;in English
eng-42d1d30f.flac;in;in 1999
eng-f84d006d.flac;illness;illness
eng-b97c2376.flac;if|case;if that is the case
eng-662b892a.flac;if|ever;if ever
eng-48e369ae.flac;identity|papers;identity papers
eng-e39b2649.flac;identity|card;identity card
eng-800f231f.flac;identically;identically
eng-989aedc8.flac;ice|cube;ice cube
eng-cb4f840e.flac;ice;ice
eng-31b3d1f7.flac;hurry|up;hurry up
eng-65512a12.flac;hundred|million;hundred million
eng-e9bc6e6b.flac;hundred;hundred
eng-5afb1e7d.flac;how|much|(conversation);how much
eng-9eca4b6e.flac;how|many|(conversation);how many
eng-c70e25f8.flac;how|long|(conversation);how long?
eng-3400d938.flac;how|long|here|(conversation);how long have you been here?
eng-9e0e9b3c.flac;how|do|say|(conversation);how do you say ...?
eng-4f1fb16a.flac;how|be|(conversation);how are you?
eng-55ccbb68.flac;how|about;how about
eng-18474a47.flac;housework;housework
eng-701e114e.flac;hour;hour
eng-3cdd37fa.flac;hotplate;hotplate
eng-1ed2f6db.flac;hot|drink;hot drinks
eng-c096f9eb.flac;hot|chocolate;hot chocolate
eng-4282c85b.flac;hospital;hospital
eng-8c4739ee.flac;homosexual;homosexual
eng-772eb616.flac;homeland;homeland
eng-3a66a10c.flac;holidays;holidays
eng-d9e06a57.flac;holiday|camp;holiday camp
eng-dc9ab234.flac;holiday;holiday
eng-4433e7bc.flac;hold|on;hold on
eng-141c745c.flac;hitchhiking;hitchhiking
eng-553873b4.flac;hit|on;hit on
eng-a56fcd03.flac;historical;historical
eng-307acef5.flac;hippopotamus;hippopotamus
eng-58c10f84.flac;hill-walking;hill-walking
eng-42ce0bd7.flac;hiking;hiking
eng-e20bbf31.flac;high-rise;high-rise
eng-9a3eb284.flac;high-heeled|shoes;high-heeled shoes
eng-3a73a0ca.flac;high|tide;high tide
eng-108ffccc.flac;high|school;high school
eng-5f438340.flac;high|heels;high heels
eng-366d7979.flac;high|blood|pressure;high blood pressure
eng-1e12b376.flac;hi-fi;hi-fi
eng-41d3833a.flac;hi|(conversation);hi!
eng-b7984103.flac;here|is;here is
eng-616cd358.flac;here|are;here are
eng-8b8dc415.flac;herbal|tea;herbal tea
eng-4103974c.flac;help;help!
eng-7aaaeea6.flac;helmet;helmet
eng-3b22c7eb.flac;hedge;hedge
eng-60ecc3e6.flac;heart;heart
eng-8a25383a.flac;headlight;headlight
eng-8fd81935.flac;hay|fever;hay fever
eng-0b746ede.flac;haw-haw;haw-haw
eng-32e49586.flac;have|to;have to
eng-06ec8bc5.flac;have|as|remainder;have as remainder
eng-d3eaede1.flac;have|good|trip;have a good trip
eng-d27eea40.flac;have;have
eng-a6007700.flac;hashish;hashish
eng-58545a28.flac;happy|name|day|(conversation);happy name day
eng-afc8c543.flac;happy|birthday|(conversation);happy birthday!
eng-164c7a42.flac;hang|on;hang on
eng-cdbf8061.flac;handicraft;handicraft
eng-263285f8.flac;handicapped;handicapped
eng-851f2755.flac;handbrake;handbrake
eng-d05eb3cb.flac;hand-made;hand-made
eng-376d04f8.flac;hand|luggage;hand luggage
eng-20c6bf8c.flac;half-board;half-board
eng-56a123ca.flac;half|hour;half an hour
eng-1cfdc43b.flac;half|liter;half a liter
eng-61d660fb.flac;half|kilo;half a kilo
eng-fb5a4121.flac;half;half
eng-1512577c.flac;hairdryer;hairdryer
eng-407d6245.flac;hairdresser;hairdresser
eng-8ee9cb5a.flac;gynecologist;gynecologist
eng-11e95ea2.flac;guinea|pig;guinea pig
eng-66d6c24a.flac;guided|tour;guided tour
eng-0c83a75d.flac;guidebook;guidebook
eng-ca9ec735.flac;guide;guide
eng-885f119d.flac;guest|house;guest house
eng-e7a3c80b.flac;ground|sheet;ground sheet
eng-a24d2a55.flac;ground|meat;ground meat
eng-deda8fc7.flac;ground|floor;ground floor
eng-ab8f2e37.flac;grocer;grocer's
eng-7ef114d4.flac;greatness;greatness
eng-43ccc268.flac;great|effort;great effort
eng-3104ce49.flac;grasp;grasp
eng-7c4ca02c.flac;grams;grams
eng-eea3c31e.flac;goodnight;goodnight
eng-8a7c9039.flac;good-looking;good-looking
eng-a227fb74.flac;good|luck|(conversation);good luck!
eng-7fa6c1dd.flac;good|bye;good bye
eng-6c844e92.flac;good;good
eng-f6b641a0.flac;golf|course;golf course
eng-a9a77c7d.flac;golf;golf
eng-1842c603.flac;go|without;go without
eng-52ca028c.flac;go|with;go with
eng-b475017a.flac;go|up;go up
eng-8d25c818.flac;go|through;go through
eng-59c86568.flac;go|out;go out
eng-a80d6144.flac;go|in;go in
eng-8e7886d5.flac;go|horse-riding;go horse-riding
eng-6c054253.flac;go|away;go away
eng-f6a25ad6.flac;glasses;glasses
eng-4b650984.flac;give|back;give back
eng-840eabae.flac;give;give
eng-25c5559e.flac;gift|wrap;gift wrap
eng-2bbcebd8.flac;get|up;get up
eng-7ed6b9b7.flac;march;march
eng-dd197b31.flac;manufacture;manufacture
eng-0b4e954f.flac;management;management
eng-4bfb15f1.flac;mama;mama
eng-d1f8dbbc.flac;make|mistake;make a mistake
eng-93a2776d.flac;main|course;main course
eng-c7943de9.flac;mailman;mailman
eng-a69fe20b.flac;mailbox;mailbox
eng-3f551f55.flac;maiden|name;maiden name
eng-93531107.flac;magnetic|tape;magnetic tape
eng-378c2fe4.flac;magazine;magazine
eng-5907c8da.flac;luggage;luggage
eng-d76cb8fc.flac;low|tide;low tide
eng-83748f3f.flac;low|blood|pressure;low blood pressure
eng-0ba83348.flac;loud;loud
eng-9a00e4d6.flac;lorry;lorry
eng-06bea737.flac;look|like;look like
eng-38ded296.flac;look|for;look for
eng-cc5e7ddd.flac;look|at;look at
eng-633bd49f.flac;look|after;look after
eng-2b3ad402.flac;look;look
eng-14fcb40e.flac;long|time;long time
eng-3b97a968.flac;long;long
eng-38d41e92.flac;lodge|at;lodge at
eng-f4b48569.flac;locker|room;locker room
eng-1e067dc0.flac;locker;locker
eng-28098588.flac;local|time;local time
eng-0cc432bf.flac;living|room;living room
eng-ba0f6006.flac;lively;lively
eng-29b79aa6.flac;liter;liter
eng-d301619e.flac;listings|magazine;listings magazine
eng-de789cb2.flac;lighter;lighter
eng-4275c168.flac;light|bulb;light bulb
eng-6b1a5cf7.flac;light;light
eng-2f2a8329.flac;lifeguards;lifeguards
eng-19cd3efe.flac;life;life
eng-580b9d61.flac;lie|down;lie down
eng-f65ed190.flac;license|number;license number
eng-2bcd722c.flac;letterbox;letterbox
eng-21d7e9f6.flac;less|than;less than
eng-c3ee7fe2.flac;lenses;lenses
eng-49e5b0e7.flac;left-luggage|office;left-luggage office
eng-dfbcd429.flac;left|luggage|locker;left luggage locker
eng-8592cba4.flac;leave|message;leave message
eng-f5e3ead7.flac;leader;leader
eng-ed208535.flac;lead|pencil;lead pencil
eng-e5a86e54.flac;lazy;lazy
eng-5d1c7d17.flac;lave;lave
eng-44c31f25.flac;laundromat;laundromat
eng-3c09149e.flac;latte;latte
eng-7defaf85.flac;lateral;lateral
eng-554b5255.flac;late-night|opening;late-night opening
eng-562bc075.flac;last|year;last year
eng-e001563b.flac;laptop;laptop
eng-c4e0330b.flac;landscape;landscape
eng-d6dbbf06.flac;landmark;landmark
eng-0ea750e8.flac;label;label
eng-73f0b612.flac;knock|down;knock down
eng-ba409828.flac;knife;knife
eng-eaa3ce34.flac;kitchen;kitchen
eng-d799c56e.flac;kind;kind of
eng-f58023bc.flac;kidneys;kidneys
eng-808d9b02.flac;kidney;kidney
eng-3ea2552b.flac;just|one;just one
eng-cbdf7ca3.flac;just|in|case;just in case
eng-8eec9467.flac;just|before;just before
eng-c31af5c1.flac;just|moment|please|(conversation);just a moment please
eng-e67f9a32.flac;just|little;just a little
eng-12a32a5c.flac;jumper;jumper
eng-a7b30616.flac;jump;jump
eng-7d4f9543.flac;juice;juice
eng-3b9feeac.flac;jug;jug
eng-c816c6a2.flac;journey;journey
eng-dd2d1381.flac;jostle;jostle
eng-d7b9a0d3.flac;jolly;jolly
eng-a94557c0.flac;jogging;jogging
eng-0623b633.flac;jewelry|shop;jewelry shop
eng-d884897a.flac;jewelry;jewelry
eng-783188a4.flac;itchy;itchy
eng-a09d6b69.flac;your|turn|(conversation);it's your turn
eng-252db854.flac;worth;it's worth it
eng-3d5043f6.flac;worth;it's worth
eng-422e7a83.flac;worse|than;it's worse than
eng-e949d4e1.flac;warm;it's warm
eng-8526fee4.flac;rain;it's raining
eng-5c171d8f.flac;quite|good|(conversation);it's quite good!
eng-99f0b855.flac;on|at;it's on at
eng-0061ee1b.flac;nothing|special;it's nothing special
eng-ee2db787.flac;not|bad;it's not bad
eng-f4bb0e63.flac;itchy;it's itchy
eng-4581c8bb.flac;hot;it's hot
eng-9131be58.flac;cold;it's cold
eng-91b4b00a.flac;better;it's better to
eng-41932fe3.flac;beautiful;it's beautiful
eng-f894aa94.flac;pity;it's a pity
eng-a9446c9c.flac;take|hour|(conversation);it takes two hours
eng-92455385.flac;seem|(conversation);it seems that...
eng-84e3f8ad.flac;must|clock|(conversation);it must be five o'clock
eng-56088515.flac;might|rain|(conversation);it might rain
eng-fce8844e.flac;matter|(conversation);it doesn't matter
eng-fba6741f.flac;do|(conversation);it doesn't
eng-0e3562fb.flac;invoke;invoke
eng-f5005424.flac;introduction;introduction
eng-373a69f3.flac;international|money|order;international money order
eng-c6a4776e.flac;intermission;intermission
eng-6cf508d6.flac;intermediate;intermediate
eng-a3dbeb75.flac;intend;intend
eng-56f72a14.flac;instead;instead of
eng-f9f13485.flac;inspection;inspection
eng-3206e3f8.flac;insecticide;insecticide
eng-4e385fbf.flac;inquire;inquire
eng-1d694e7d.flac;inner|tube;inner tube
eng-3bff01bd.flac;injured;injured
eng-91f1ed54.flac;injection;injection
eng-ebd18d14.flac;initially;initially
eng-56518720.flac;infection;infection
eng-42efa38a.flac;incoming;incoming
eng-b4646f96.flac;in|window;in the window
eng-eff48dca.flac;in|west;in the west
eng-ffe5bc4a.flac;in|vicinity;in the vicinity
eng-003a4645.flac;in|sun;in the sun
eng-7485e3d2.flac;in|south;in the south
eng-c60ebe2b.flac;in|shade;in the shade
eng-752a1daf.flac;in|past;in the past
eng-1748bb78.flac;in|open|air;in the open air
eng-e9baa664.flac;in|north;in the north
eng-ca028724.flac;pedestrianized;pedestrianized
eng-0b548b0f.flac;path;path
eng-50144187.flac;past;past
eng-ab1aa22b.flac;part;part of
eng-1a72cad8.flac;parking|space;parking space
eng-ab644899.flac;parking|lot;parking lot
eng-42f27c71.flac;parasol;parasol
eng-a894c85a.flac;paper|napkin;paper napkin
eng-31c0619c.flac;pantyhose;pantyhose
eng-e6736286.flac;panties;panties
eng-66b9eba0.flac;painting;painting
eng-2a5beb89.flac;painkiller;painkiller
eng-3c41a474.flac;packet;packet
eng-21f6b410.flac;packed;packed
eng-26b15484.flac;package|holiday;package holiday
eng-173edb9b.flac;pack|luggage;pack luggage
eng-97de5e23.flac;pack;pack
eng-fd629c99.flac;ox;ox
eng-152c16eb.flac;overweight;overweight
eng-09139a9e.flac;overdone;overdone
eng-0b86c3c3.flac;overcast;overcast
eng-3882f9b4.flac;over|there;over there
eng-4b5391a7.flac;outward|journey;outward journey
eng-f2a10625.flac;outing;outing
eng-063fc69d.flac;out|order;out of order
eng-05ba7a68.flac;out|date;out of date
eng-0330f0fc.flac;other|people;other people
eng-b7b9cd8c.flac;originally;originally
eng-c1ee637c.flac;organization;organization
eng-2c3d72a5.flac;organic;organic
eng-1dc5b178.flac;orange;orange
eng-3c695945.flac;optician;optician
eng-d8c686f0.flac;opposite;opposite
eng-a47083a4.flac;open;open
eng-d9b1931a.flac;oneself;oneself
eng-d567ef2d.flac;one-way;one-way
eng-ab89ca63.flac;one|way|street;one way street
eng-7a6c86f1.flac;one;one
eng-82020070.flac;once|again;once again
eng-638c656e.flac;on|vacation;on vacation
eng-5d7de505.flac;on|time;on time
eng-74b9ec18.flac;on|spot;on the spot
eng-389acafe.flac;on|ground;on the ground
eng-64e8e568.flac;on|floor;on the floor
eng-d7a2bd45.flac;on|sale;on sale
eng-8b5a637e.flac;on|purpose;on purpose
eng-2eb883aa.flac;on|board;on board
eng-018ad426.flac;older|sister;older sister
eng-bef6f8d0.flac;older|brother;older brother
eng-1ff9311f.flac;old|town;old town
eng-7bf91963.flac;old|people;old people
eng-672d9974.flac;ointment;ointment
eng-a029d4e7.flac;good|quality;of good quality
eng-1bb60461.flac;course;of course
eng-926fba44.flac;bad|quality;of bad quality
eng-f67d9a2b.flac;notebook;notebook
eng-07e5c560.flac;not|yet;not yet
eng-2e5f0f2d.flac;want;not to want
eng-ce8ef04f.flac;have;not to have
eng-4d52dd73.flac;only;not only
eng-95154f5a.flac;long|after;not long after
eng-f683c569.flac;equal;not equal to
eng-6e4d5c91.flac;not|bad;not bad
eng-e3482937.flac;not|all;not at all
eng-889592de.flac;not|any;not any
eng-eddff9cd.flac;north|sea;north sea
eng-a92778e0.flac;non-smoker;non-smoker
eng-d1188ac0.flac;drinking|water;non-drinking water
eng-e9a8ca66.flac;noisy;noisy
eng-55496f14.flac;no|idea;no idea
eng-7b1d7c7d.flac;nine;nine
eng-0026355f.flac;nightdress;nightdress
eng-4e70db94.flac;nice|cold;nice and cold
eng-fe90b2f3.flac;next|year;next year
eng-9d306c31.flac;next|to;next to
eng-ec419e26.flac;newsstand;newsstand
eng-e72452c0.flac;newsdealer;newsdealer
eng-34edb0f4.flac;new|year;new year
eng-4c9eb6d2.flac;new|word;new word
eng-8671e636.flac;neither|nor;neither...nor
eng-2b68943d.flac;neither|do|(conversation);neither do I
eng-948b5cb7.flac;neighbor;neighbor
eng-1a30ca9f.flac;need|not;need not
eng-52a27115.flac;necklace;necklace
eng-04001e00.flac;near|beach;near the beach
eng-108e1e3f.flac;national|holiday;national holiday
eng-16e68998.flac;napkin;napkin
eng-91eb14e2.flac;nap;nap
eng-756db035.flac;naked;naked
eng-51b9365c.flac;nail|varnish;nail varnish
eng-52e0196c.flac;name|be|(conversation);my name is
eng-e98dc9f2.flac;head|hurt|(conversation);my head hurts
eng-12513cc6.flac;goodness|(conversation);my goodness
eng-460e27b6.flac;must|not;must not
eng-a542f6a2.flac;mussels;mussels
eng-b491236b.flac;munch;munch
eng-133b4046.flac;movie|theater;movie theater
eng-9ec55c97.flac;mouth;mouth
eng-65319f28.flac;mountain|hut;mountain hut
eng-6dd157d1.flac;mountain|bike;mountain bike
eng-9da2093c.flac;mountain;mountain
eng-0da9feec.flac;motorist;motorist
eng-21e380e1.flac;motorcycle;motorcycle
eng-86274181.flac;most|recently;most recently
eng-174f4c63.flac;most|extreme;most extreme
eng-978f8025.flac;mosquito;mosquito
eng-305d377c.flac;morning-after|pill;morning-after pill
eng-d4940b4f.flac;more|than;more than
eng-c261f147.flac;moped;moped
eng-7bb88283.flac;monument;monument
eng-7a2c5dfe.flac;monastery;monastery
eng-c174baf6.flac;moisturizing|lotion;moisturizing lotion
eng-7b2795ba.flac;moisturizer;moisturizer
eng-29591464.flac;modern|time;modern times
eng-3c7323e0.flac;mobile;mobile
eng-72835327.flac;mineral|water;mineral water
eng-224209b5.flac;mill;mill
eng-6eec7560.flac;middle|school;middle school
eng-3f2f38cd.flac;midday;midday
eng-9817a176.flac;microwave;microwave
eng-a6a1f8d5.flac;merry|Christmas|(conversation);merry Christmas
eng-01b0482a.flac;man|room;men's room
eng-58362a8d.flac;medicine;medicine
eng-98d82109.flac;too;me too
eng-4b8ee442.flac;may|ask;may I ask
eng-ea71121f.flac;may;may
eng-95b5724a.flac;mathematic;mathematic
eng-2d09a3d6.flac;master;master
eng-0a1139f9.flac;continuous;continuous
eng-5b8dc938.flac;contemporary;contemporary
eng-f19d31c2.flac;contagious;contagious
eng-495ce8a1.flac;contact|lense;contact lenses
eng-dc91e26e.flac;construction;construction
eng-781af241.flac;constipated;constipated
eng-8a84bb6c.flac;consider;consider that
eng-4930fa83.flac;connecting;connecting
eng-7d75aa24.flac;congregation;congregation
eng-059c9440.flac;congratulations|(conversation);congratulations!
eng-911533c8.flac;conference;conference
eng-b517bd9d.flac;concession;concession
eng-c5b0ebe6.flac;concert|hall;concert hall
eng-d57c02d2.flac;concert;concert
eng-0b587501.flac;comrade;comrade
eng-d736e744.flac;comprehensive|insurance;comprehensive insurance
eng-cabf10c8.flac;Belgium;Belgium
eng-7d189627.flac;Belgian;Belgian
eng-a0f707b4.flac;Band-Aid;Band-Aid
eng-e345edc4.flac;August;August
eng-6b0cc630.flac;American;American
eng-58a39b98.flac;ATM;ATM
eng-cf1e91c6.flac;compartment;compartment
eng-f168accf.flac;receptionist;receptionist
eng-50d6852f.flac;reception;reception
eng-e5fb0280.flac;recently;recently
eng-fd3c9f06.flac;recede;recede
eng-ed688674.flac;read|aloud;read aloud
eng-04affc0d.flac;razor|blade;razor blade
eng-c3a25e2a.flac;razor;razor
eng-57627135.flac;rather;rather
eng-3cc1df7b.flac;rarely;rarely
eng-bb80fa3d.flac;rape;rape
eng-7189057f.flac;racket;racket
eng-6233aa36.flac;quite|lot;quite a lot of
eng-6ffcb746.flac;quite;quite
eng-7ffd7f63.flac;queue;queue
eng-7cb20b10.flac;quality;quality
eng-558f4e79.flac;put|up;put up
eng-c020ce9d.flac;put|out;put out
eng-ea8572e6.flac;purple;purple
eng-f2346eba.flac;public|holiday;public holiday
eng-92ed7784.flac;program;program
eng-808d7442.flac;probably;probably
eng-cac822d9.flac;price;price
eng-b9852f30.flac;preview;preview
eng-1fbfb8d9.flac;prescription;prescription
eng-f9f0aaf4.flac;preparation;preparation
eng-55812d60.flac;prep;prep
eng-4620e978.flac;premium|gas;premium gas
eng-25618e26.flac;postbox;postbox
eng-ab5cea4b.flac;postage|stamp;postage stamp
eng-5e532fa5.flac;post|office;post office
eng-c5f4aaa4.flac;possibility;possibility
eng-eda319fe.flac;portray;portray
eng-43915dcc.flac;port;port
eng-af91a986.flac;pool;pool
eng-8125e3b3.flac;pollute;pollute
eng-e1ffddcf.flac;polite;polite
eng-38055909.flac;policeman;policeman
eng-c39172dc.flac;police|station;police station
eng-dedb45b7.flac;police|officer;police officer
eng-90f2e0f1.flac;plus;plus
eng-1b9e10a9.flac;plumber;plumber
eng-6afddd92.flac;plum;plum
eng-bf89ba20.flac;plug|in;plug in
eng-9347b8ed.flac;pleased|meet|(conversation);pleased to meet you!
eng-1b046a7f.flac;please|accept;please accept
eng-3952d0cb.flac;platform;platform
eng-9aa6bd2f.flac;plastic|bag;plastic bag
eng-e096b17b.flac;plastic;plastic
eng-2109dc71.flac;pit|up;pit up with
eng-2c6371d6.flac;pink;pink
eng-b5852df3.flac;pin;pin
eng-802a71ef.flac;pillowslips;pillowslips
eng-c54d8e3c.flac;pillowcase;pillowcase
eng-259ce795.flac;picnic;picnic
eng-d831e7e3.flac;physics;physics
eng-8f759bac.flac;photocopy;photocopy
eng-71211c99.flac;phone|number;phone number
eng-484491f7.flac;phone|directory;phone directory
eng-8e92bddf.flac;phone|card;phone card
eng-54080a32.flac;phone|call;phone call
eng-5cacf878.flac;phone|box;phone box
eng-040a27ee.flac;phone|booth;phone booth
eng-c8929aa2.flac;petrol|station;petrol station
eng-8df31371.flac;petrol|pump|attendant;petrol pump attendant
eng-40808c32.flac;personal|stereo;personal stereo
eng-0bd3a04a.flac;perfume;perfume
eng-913b7e4e.flac;pencil|case;pencil case
eng-58e9c4da.flac;peel;peel


